{
  "plates": [
    {
      "id": 1,
      "line_count": 2,
      "width_mm": 280,
      "height_mm": 80,
      "lines": [
        {
          "text": "7000-SWC-20001",
          "x_mm": 140,
          "y_mm": 30,
          "size_mm": 20,
          "bbox_frac": [
            0.160854,
            0.266862,
            0.839146,
            0.413489
          ]
        },
        {
          "text": "Switchboard",
          "x_mm": 140,
          "y_mm": 50,
          "size_mm": 10,
          "bbox_frac": [
            0.38968,
            0.419355,
            0.61032,
            0.483871
          ]
        }
      ]
    }
  ]
}